0.000000000000000000e+00,0.000000000000000000e+00,0.000000000000000000e+00,0.000000000000000000e+00,0.000000000000000000e+00,0.000000000000000000e+00
-3.069193697421084277e+00,-3.124925982695662352e+00,-3.311478846241067142e+00,-3.063204944986053224e+00,-2.617420319032031095e+00,-1.169871664304183589e+01
-2.071325425887508231e+00,-1.901769752764751242e+00,-2.001477908043811205e+00,-1.854989364745197600e+00,-1.031270653660021797e+00,-9.832926493930823852e+00
-3.150261961969500923e+00,-2.838481201751119176e+00,-2.871320183664594072e+00,-2.718406311572070688e+00,-2.311841518564266007e+00,-1.172639854490921429e+01
-3.315435885649320014e+00,-3.375293747236062458e+00,-3.342137110074947071e+00,-2.618491903312332614e+00,-1.203134936707905389e+01,-1.184866811572172196e+01
0.000000000000000000e+00,0.000000000000000000e+00,0.000000000000000000e+00,0.000000000000000000e+00,0.000000000000000000e+00,0.000000000000000000e+00
-3.376758319628682337e+00,-3.288568062431524552e+00,-2.631949569153805513e+00,-3.162667164436804956e+00,-1.170693776686239573e+01,-1.165466088798091526e+01
-2.992367989026774033e+00,-3.076214640916937082e+00,-3.288170527811934640e+00,-3.277164322241398864e+00,-1.141702992142745998e+01,-1.157593059366300636e+01
-2.354452275884696189e+00,-3.016229092609408191e+00,-3.282451944544670042e+00,-2.839358459989597350e+00,-1.055544865950623290e+01,-1.149099577143778994e+01
-2.855659171701660615e+00,-3.398327833374363838e+00,-3.204113856952086614e+00,-3.380274844243596810e+00,-1.161781638971251063e+01,-1.169183715042301586e+01
0.000000000000000000e+00,0.000000000000000000e+00,0.000000000000000000e+00,0.000000000000000000e+00,0.000000000000000000e+00,0.000000000000000000e+00
-3.144930339869047575e+00,-3.650198607827404018e+00,-3.346500404878434143e+00,-3.447764323109864470e+00,-1.175286406456124766e+01,-1.179499358594180158e+01
-3.536339238792357786e+00,-3.637215501944944585e+00,-2.552911763140953472e+00,-3.508076247143508297e+00,-1.171757049665319705e+01,-1.164852091352005203e+01
-2.706542892013743540e+00,-3.221192787138222879e+00,-3.278595183860398610e+00,-3.264611781697089654e+00,-1.176556398018175820e+01,-1.191004980351949882e+01
-3.092292473975200462e+00,-3.346128830176309243e+00,-2.790920596114021102e+00,-3.294719061624624690e+00,-1.182645069804211602e+01,-1.206304527452181574e+01
0.000000000000000000e+00,0.000000000000000000e+00,0.000000000000000000e+00,0.000000000000000000e+00,0.000000000000000000e+00,0.000000000000000000e+00
4.871455326072092973e+00,1.094663751772606730e+01,4.740877080874499327e+00,1.093891083271292430e+01,1.929838829417176216e+00,1.999999999999998579e+01
-3.006701840089379019e+00,-2.998171203905896753e+00,-2.459003077135723636e+00,-3.035548075123962519e+00,-1.158007129648882838e+01,-3.001922881366250628e+00
-6.090116315850715445e-01,-1.230797174566263363e+00,-1.787655325057679878e+00,-1.226632620454386480e+00,-9.526650304604386221e+00,-1.665367146545830623e+00
-2.715037195635197964e+00,-2.899580214321801908e+00,-2.104189795431262056e+00,-2.718692703783772480e+00,-1.141828438277531355e+01,-3.031592119901282967e+00
0.000000000000000000e+00,0.000000000000000000e+00,0.000000000000000000e+00,0.000000000000000000e+00,0.000000000000000000e+00,0.000000000000000000e+00
-3.864609212090730050e+00,-3.337450563872015330e+00,-3.533795186209006900e+00,-2.677286742157759303e+00,-1.147970302809209997e+01,-1.160018681098174298e+01
-2.231313260001955623e+00,-2.190973616970695481e+00,-2.217947432994660684e+00,-1.675609194177739125e+00,-8.147508487347746353e+00,-9.147821331456924554e+00
-3.298253036821080286e+00,-3.382652200604181036e+00,-3.482886977383813587e+00,-2.423430496915274901e+00,-1.168547740470013885e+01,-1.162162657759677309e+01
-2.777238778948015074e+00,-3.123228189231465279e+00,-3.102062624556789050e+00,-3.223261919010214083e+00,-1.172574213562115020e+01,-1.174822662961897635e+01
0.000000000000000000e+00,0.000000000000000000e+00,0.000000000000000000e+00,0.000000000000000000e+00,0.000000000000000000e+00,0.000000000000000000e+00
-2.646984929622429483e+00,-3.477010149136811279e+00,-3.071638596760420281e+00,-3.329613774146950256e+00,-1.164928928013954490e+01,-1.166231924785629914e+01
-3.498909834074273917e+00,-3.396501075008471204e+00,-3.396661977082187533e+00,-2.815869973661837111e+00,-1.155048225607270673e+01,-1.172658484773984888e+01
-3.362194041171715053e+00,-3.202828310978916626e+00,-3.189403512357916970e+00,-2.729759692035061303e+00,-9.643037416124345285e+00,-1.080401958380470973e+01
-3.530942003585367139e+00,-3.256487187996677690e+00,-3.495398758184791177e+00,-2.811790808463570102e+00,-1.173922852976572351e+01,-1.223299328125219176e+01
0.000000000000000000e+00,0.000000000000000000e+00,0.000000000000000000e+00,0.000000000000000000e+00,0.000000000000000000e+00,0.000000000000000000e+00
-3.027691953515392775e+00,-3.233501457116982003e+00,-3.103467234769663907e+00,-2.660344406873941914e+00,-1.170590920986466088e+01,-1.174741380865673435e+01
-2.604421166501628360e+00,-3.232451160090486830e+00,-3.162090993203174438e+00,-3.129366117143309367e+00,-1.128575029958197895e+01,-1.168851638787016256e+01
-2.890743152126224569e+00,-3.831305355826758685e+00,-3.372992965585713598e+00,-3.602135852174094488e+00,-1.180929753099786517e+01,-1.176528229810530313e+01
-2.711490473496136033e+00,-3.327796058952828151e+00,-3.470530203674958347e+00,-3.608103763090663385e+00,-1.202690748379406038e+01,-1.172051828688297803e+01
0.000000000000000000e+00,0.000000000000000000e+00,0.000000000000000000e+00,0.000000000000000000e+00,0.000000000000000000e+00,0.000000000000000000e+00
2.420492550946441723e-01,2.401678033892730380e+00,1.277932374774173763e+00,1.099034194441749079e+01,-4.026271654744663309e+00,-2.997517941778942596e+00
-2.398796132387656765e+00,-3.269089390394746886e+00,-3.009931214810861011e+00,-3.075968929332558943e+00,-1.065524835094423395e+01,-1.036661840872507234e+01
-1.409316885345259784e+00,-1.611975643861872864e+00,-1.660961008631176128e+00,-1.707825330550237553e+00,-4.363848862093668401e+00,-5.461954533559358005e+00
-1.750125324754209233e+00,-2.807499329402084687e+00,-2.975185177301765904e+00,-2.787664538840562756e+00,-1.115870817690676553e+01,-1.034692189938448514e+01
0.000000000000000000e+00,0.000000000000000000e+00,0.000000000000000000e+00,0.000000000000000000e+00,0.000000000000000000e+00,0.000000000000000000e+00
-3.193347974270877909e+00,-3.358767249180401926e+00,-3.290077684715412065e+00,-3.307831913223161724e+00,-1.130404392723299623e+01,-1.104272461464009858e+01
-2.701236604682596187e+00,-3.161879127917846422e+00,-3.401138323563266397e+00,-3.577076810963173870e+00,-1.159621037934044807e+01,-1.107958208203529260e+01
-2.675850803142494350e+00,-4.278091022553292433e+00,-3.785278688721402052e+00,-3.849556348778352177e+00,-1.236074085912145115e+01,-1.211716299550934828e+01
-2.796531616003689713e+00,-3.476192672022323293e+00,-3.361756498996090858e+00,-3.464191780026005141e+00,-1.164595219156436023e+01,-1.170563507596643404e+01
0.000000000000000000e+00,0.000000000000000000e+00,0.000000000000000000e+00,0.000000000000000000e+00,0.000000000000000000e+00,0.000000000000000000e+00
-3.481838009490216379e+00,-3.440962576731649847e+00,-2.523938271870685313e+00,-3.822718265531471538e+00,-1.134751763575715877e+01,-1.144715487168226531e+01
-2.921276750295605851e+00,-3.229881022748156028e+00,-2.606978755269154124e+00,-3.035958951034693598e+00,-9.979260585841599251e+00,-9.214346359000062492e+00
-3.221789023518292439e+00,-3.308653462657435540e+00,-3.164130891602863205e+00,-3.189875591557408629e+00,-1.203957051521459931e+01,-1.221021106030661763e+01
-3.297632791412817621e+00,-3.144769414959128540e+00,-3.284941108529724652e+00,-2.576442928668525312e+00,-1.174884686550890045e+01,-1.171500360395730134e+01
0.000000000000000000e+00,0.000000000000000000e+00,0.000000000000000000e+00,0.000000000000000000e+00,0.000000000000000000e+00,0.000000000000000000e+00
-2.684809961663541245e+00,-3.263918587164806429e+00,-3.170836828772235716e+00,-3.491839854517055031e+00,-1.171034837222321379e+01,-1.173407501810771691e+01
-2.768822761305797187e+00,-3.109749444065399882e+00,-3.159585638222999204e+00,-3.261200109972440142e+00,-1.150259559258579678e+01,-1.146807495680894640e+01
-3.284727308223938547e+00,-3.463801309285165608e+00,-2.832870018016590663e+00,-3.242511695930446081e+00,-1.142030813697208380e+01,-1.126624996670727974e+01
-2.691470868010574335e+00,-3.324172499881480558e+00,-3.471943144806764359e+00,-3.356911469473697007e+00,-1.180968313895829525e+01,-1.178980008339024010e+01
0.000000000000000000e+00,0.000000000000000000e+00,0.000000000000000000e+00,0.000000000000000000e+00,0.000000000000000000e+00,0.000000000000000000e+00
-1.628218025508883615e+00,-2.304858938344276797e+00,-2.167725204223153845e+00,-2.220197822267970356e+00,-8.194922151291789802e+00,-7.410019922275195903e+00
-9.962204411786658165e-01,-1.047750583878028996e+00,4.620250249081181870e+00,-1.041533847962353043e+00,-4.741352299599999931e+00,-5.544370044875815751e+00
-2.880369088214147055e+00,-2.908524918144311577e+00,-2.326585503829282420e+00,-2.928832459141815114e+00,-9.597331578416202547e+00,-1.000858020401909165e+01
-1.742358594211600886e+00,-1.704950037728177437e+00,-1.810119089098988887e+00,-1.766977122414265633e+00,-7.466155290151814228e+00,-6.326985379934598974e+00
0.000000000000000000e+00,0.000000000000000000e+00,0.000000000000000000e+00,0.000000000000000000e+00,0.000000000000000000e+00,0.000000000000000000e+00
-3.672382268483666667e+00,-3.263126886694422524e+00,-2.626511140375854758e+00,-3.301663385908255144e+00,-1.139038300127986680e+01,-1.138468757593019731e+01
-3.160592113888438082e+00,-3.015098227503583583e+00,-3.061946419383503315e+00,-2.676172749990432642e+00,-1.100736642062471482e+01,-1.151358794649768491e+01
-4.246774502419684794e+00,-4.099841573014401774e+00,-3.827368945317294546e+00,-2.590088320031429081e+00,-1.175442070121587790e+01,-1.231475585177954457e+01
-3.371144335085370702e+00,-3.198589777840177728e+00,-2.631997242160896811e+00,-3.218309916069827192e+00,-1.149925516688303340e+01,-1.155098034943605256e+01
0.000000000000000000e+00,0.000000000000000000e+00,0.000000000000000000e+00,0.000000000000000000e+00,0.000000000000000000e+00,0.000000000000000000e+00
-3.359031671372642691e+00,-3.311491655714670745e+00,-2.595360763101203005e+00,-3.253022060896216150e+00,-1.158627127392610490e+01,-1.122838609737060978e+01
-2.588031750696492495e+00,-2.364763899302502637e+00,-2.053098100373504931e+00,-2.524287822048667529e+00,-8.586123081957694581e+00,-9.654023136582498665e+00
-3.494307989496658884e+00,-3.499775855730117069e+00,-3.419074582546583141e+00,-3.016328247204184354e+00,-1.166661441671460864e+01,-1.225519486125693902e+01
-2.695137202545090815e+00,-3.083656364992639620e+00,-3.423292642767761240e+00,-2.974264284258195001e+00,-1.165505742804844225e+01,-1.167451583451123298e+01
0.000000000000000000e+00,0.000000000000000000e+00,0.000000000000000000e+00,0.000000000000000000e+00,0.000000000000000000e+00,0.000000000000000000e+00
-3.036507096953423357e+00,-3.150999479469558828e+00,-3.269071391604311483e+00,-2.640627624493225412e+00,-1.193974509697357433e+01,-1.170303480361601522e+01
-3.230358887340983642e+00,-3.176841360863633223e+00,-2.703684266511794831e+00,-3.217425798296119410e+00,-1.132033982035734887e+01,-1.128849815652531419e+01
-2.982656893437036771e+00,-2.943470600660915260e+00,-2.764792318468995980e+00,-3.088579517967683152e+00,-1.096219267709786394e+01,-1.142702632826565434e+01
-2.676229382696592385e+00,-4.136699386488484897e+00,-3.250861420721736117e+00,-3.378648319225099339e+00,-1.170291091724057075e+01,-1.210098078108409680e+01
0.000000000000000000e+00,0.000000000000000000e+00,0.000000000000000000e+00,0.000000000000000000e+00,0.000000000000000000e+00,0.000000000000000000e+00
-2.477590694077766553e+00,-2.767054149569855515e+00,-2.891011161842764299e+00,-2.079540077012402399e+00,-9.257546516740386977e+00,-9.332560997540943148e+00
1.349874310480063400e-01,1.046491593601853731e+00,1.096514588084578001e+01,3.935607829747283515e-01,-3.731759636300934879e+00,-3.741025646859055698e+00
-1.990667619670934529e+00,-2.978664553056340036e+00,-2.760810207375272718e+00,-2.751177609021565829e+00,-9.501836954176036798e+00,-1.143175327436271083e+01
-6.338518584979662140e-01,-1.897294020589220365e+00,-1.841742211053629452e+00,-1.604097057136177451e+00,-7.970946964931724388e+00,-7.818831205255637684e+00
0.000000000000000000e+00,0.000000000000000000e+00,0.000000000000000000e+00,0.000000000000000000e+00,0.000000000000000000e+00,0.000000000000000000e+00
-2.666933547784588132e+00,-3.244156341148499045e+00,-3.433152216934340917e+00,-3.491302532911334300e+00,-1.159746330754916777e+01,-1.101930030327936727e+01
-3.056474316579272266e+00,-3.117347844112811739e+00,-2.975826631261839328e+00,-2.578087420877049674e+00,-1.165737087411185691e+01,-1.120823296665389179e+01
-3.935326680752798456e+00,-4.121869159919148373e+00,-4.079511515782312081e+00,-2.939244636835596225e+00,-1.227174981973062806e+01,-1.151344917257973499e+01
-3.096620000956329388e+00,-2.988385021855194168e+00,-2.934985170002201826e+00,-3.054837119988217609e+00,-2.553438992558246134e+00,-1.159753197040950923e+01
0.000000000000000000e+00,0.000000000000000000e+00,0.000000000000000000e+00,0.000000000000000000e+00,0.000000000000000000e+00,0.000000000000000000e+00
-3.125496640245283064e+00,-3.108151851898764306e+00,-3.390530574386968254e+00,-2.987335963660543214e+00,-2.581866044988973652e+00,-1.163090012639446336e+01
-2.512163710814219186e+00,-2.232377399977382826e+00,-2.284849919673864083e+00,-2.303666107696697551e+00,-1.821735620048091864e+00,-1.026236331416095560e+01
-2.653120092780342443e+00,-3.180935599049133700e+00,-3.392002867832675683e+00,-3.370244245999850286e+00,-1.172415113947146281e+01,-1.174605395084591919e+01
-3.293066089050199707e+00,-3.295661878603657780e+00,-3.288544922863687603e+00,-2.689365643856709731e+00,-1.183671216387248037e+01,-1.186167061112888277e+01
0.000000000000000000e+00,0.000000000000000000e+00,0.000000000000000000e+00,0.000000000000000000e+00,0.000000000000000000e+00,0.000000000000000000e+00
-3.142647981569602234e+00,-3.339866261436006845e+00,-3.436818837159106632e+00,-2.592172333304231469e+00,-1.185282697007316344e+01,-1.179903860891032252e+01
-2.706245571158145236e+00,-3.413842569067043531e+00,-3.218012134120003420e+00,-3.187482762819161763e+00,-1.110036760017823454e+01,-1.154871805132441764e+01
-2.970716062254496137e+00,-3.235005123264058646e+00,-2.554174146623892749e+00,-3.178410911198997546e+00,-1.077062242880825416e+01,-1.100827479679574417e+01
-3.222806091431937858e+00,-3.504122280894975017e+00,-3.359129959595683168e+00,-2.734604162285983353e+00,-1.210040094306180158e+01,-1.235043322229008744e+01
0.000000000000000000e+00,0.000000000000000000e+00,0.000000000000000000e+00,0.000000000000000000e+00,0.000000000000000000e+00,0.000000000000000000e+00
-2.383267395121217991e+00,-2.942484952241156027e+00,-2.860048279220839706e+00,-2.735605205257344519e+00,-1.143201655283233009e+01,-2.917231446719173782e+00
4.297896266501790130e+00,1.058571412360357478e+01,1.043600134336142027e+01,4.288296477019840403e+00,1.984453750747565470e+00,1.999999999999998579e+01
-2.849664319168036197e+00,-3.133796843078642702e+00,-2.784491624023388567e+00,-2.243023840636732213e+00,-1.142746321065955151e+01,-2.914863646699508593e+00
-1.823085659030663663e+00,-1.901920465735120302e+00,-1.932398196799951284e+00,-1.438580247015004643e+00,-1.027144976033288337e+01,-2.094223035608317129e+00
0.000000000000000000e+00,0.000000000000000000e+00,0.000000000000000000e+00,0.000000000000000000e+00,0.000000000000000000e+00,0.000000000000000000e+00
-3.219997762221073589e+00,-2.652599422365922166e+00,-3.073515814071686059e+00,-2.950580681378238257e+00,-1.145725409298484543e+01,-1.154622833928837267e+01
-2.371941610980633719e+00,-1.585093667820064445e+00,-2.520714771972396573e+00,-2.487784168176707666e+00,-8.419301447417797846e+00,-9.886443371774308986e+00
-3.170115720949081783e+00,-2.436964482569725199e+00,-3.012663551875601975e+00,-3.023586475654243877e+00,-1.136518672680948683e+01,-1.176279638737706890e+01
-2.599648248626764246e+00,-3.119722445303982461e+00,-3.388120160606623354e+00,-3.072494643940667292e+00,-1.259484725399271454e+01,-1.171922733690124474e+01
0.000000000000000000e+00,0.000000000000000000e+00,0.000000000000000000e+00,0.000000000000000000e+00,0.000000000000000000e+00,0.000000000000000000e+00
-2.743015366272322453e+00,-3.366872193986934381e+00,-3.280556300392123426e+00,-3.375566281230385712e+00,-1.198457575630077976e+01,-1.170831208642821686e+01
-2.594886698945988890e+00,-3.100434391408349200e+00,-3.234444790843006512e+00,-3.049098737050615515e+00,-1.154400862588390808e+01,-1.130888499295137528e+01
-2.737369434949675107e+00,-2.970037060429695508e+00,-2.937512642134525009e+00,-2.924809709408855429e+00,-1.066194348829392347e+01,-1.061654608992488136e+01
-2.591837913458197029e+00,-3.360418548809540606e+00,-3.329136424988069276e+00,-3.565010603254761712e+00,-1.175663133674631844e+01,-1.174311138591820125e+01
0.000000000000000000e+00,0.000000000000000000e+00,0.000000000000000000e+00,0.000000000000000000e+00,0.000000000000000000e+00,0.000000000000000000e+00
-2.566742648736875410e+00,-3.253812419653814736e+00,-3.123514187156288813e+00,-3.216419326815234569e+00,-1.177920464680997625e+01,-1.162586964295343606e+01
-3.209683193936684109e+00,-3.461426834329238922e+00,-3.106578446522290093e+00,-3.852588303505402045e+00,-1.151634299282976137e+01,-1.185844432458381092e+01
-2.662653513361300739e+00,-3.200177496740615357e+00,-3.153641904822823694e+00,-3.299445303550726294e+00,-1.189344171376098025e+01,-1.182346231887583166e+01
-3.585699489516157357e+00,-3.680295811123901473e+00,-2.693968074226591902e+00,-3.283707686012914628e+00,-1.168287447237847587e+01,-1.177218254716097512e+01
0.000000000000000000e+00,0.000000000000000000e+00,0.000000000000000000e+00,0.000000000000000000e+00,0.000000000000000000e+00,0.000000000000000000e+00
1.488314934005102508e+00,1.067895405038544965e+01,1.516519723354114335e+00,4.550941362670739565e+00,-4.264272148960763786e+00,-4.399193358091000761e+00
-2.472016747294180306e+00,-2.964591321202410423e+00,-2.936289706031581126e+00,-2.866040787357299724e+00,-1.091936761620369722e+01,-1.074472300263901836e+01
2.146031593900997958e+00,-1.184214787218472065e+00,-1.261517500825356075e+00,-1.741126718789204331e-01,-8.254744509573221478e+00,-8.192125189719865475e+00
-1.840751984644904082e+00,-2.467552109643639913e+00,-2.891994753102139715e+00,-2.254622559154087380e+00,-1.097564998082612853e+01,-1.088682646268542520e+01
0.000000000000000000e+00,0.000000000000000000e+00,0.000000000000000000e+00,0.000000000000000000e+00,0.000000000000000000e+00,0.000000000000000000e+00
-3.208769622745096139e+00,-2.840060319139521727e+00,-3.132257812521926255e+00,-3.215975329879320110e+00,-1.139268110930311728e+01,-1.189752986016557124e+01
-2.628113074258120907e+00,-2.080710576557745828e+00,-2.578682627106982928e+00,-2.846457315585351644e+00,-1.009836644510282078e+01,-9.957112923774859681e+00
-4.040986542779692492e+00,-2.512621456966834366e+00,-3.643111593494992029e+00,-3.588755071812836928e+00,-1.186683233015993721e+01,-1.143529240645379197e+01
-3.262548760319522234e+00,-3.403088722369931318e+00,-3.155554240507529862e+00,-2.839800114907928386e+00,-1.168289252615546303e+01,-1.164122959517861133e+01
0.000000000000000000e+00,0.000000000000000000e+00,0.000000000000000000e+00,0.000000000000000000e+00,0.000000000000000000e+00,0.000000000000000000e+00
-2.650052223794896911e+00,-3.215204684521480338e+00,-3.272447169998979000e+00,-3.443452748578996303e+00,-1.173975192927795241e+01,-1.172289654958194305e+01
-3.159617866410945108e+00,-2.659117983683746633e+00,-3.214732746573771394e+00,-3.186416321657520978e+00,-1.158637829579547329e+01,-1.160577010958751565e+01
-2.681225364950466705e+00,-3.281904296172960311e+00,-3.226221788551134395e+00,-3.273100542500053223e+00,-1.086034710242314105e+01,-1.001318916173665841e+01
-2.647069412059286808e+00,-3.328161120887010327e+00,-3.320119593983289707e+00,-3.288664000709311086e+00,-1.167759190216449738e+01,-1.198299223055613361e+01
0.000000000000000000e+00,0.000000000000000000e+00,0.000000000000000000e+00,0.000000000000000000e+00,0.000000000000000000e+00,0.000000000000000000e+00
-3.435497362308722824e+00,-3.234236768140524632e+00,-3.176127163029969225e+00,-2.629957075689089319e+00,-1.179493767958683748e+01,-1.183110273003337021e+01
-3.760039712224376274e+00,-3.189453059714745464e+00,-3.110954294786553387e+00,-2.712126412718149471e+00,-1.138977545793650670e+01,-1.109456199707158497e+01
-3.564463978494393892e+00,-3.666348805739871874e+00,-3.373380658561628387e+00,-2.926924743074969637e+00,-1.170382374665699210e+01,-1.167761557764492153e+01
-2.652781835987251036e+00,-3.342627384596100093e+00,-3.272827684873665710e+00,-3.328020449021889871e+00,-1.182958458485538422e+01,-1.203453743704064216e+01
0.000000000000000000e+00,0.000000000000000000e+00,0.000000000000000000e+00,0.000000000000000000e+00,0.000000000000000000e+00,0.000000000000000000e+00
-2.375602067017402175e-01,5.472579473310896780e+00,5.211518933287520028e-01,1.870879744895052266e+00,-5.422112708317961882e+00,-5.160986130548357309e+00
-2.085823443929192500e+00,-2.888154170055446723e+00,-2.842571509444527855e+00,-2.427969560359136469e+00,-1.053023301544087076e+01,-1.039890263618172028e+01
5.626896544593166377e-02,-1.597730653122018341e+00,-1.614573883712971281e+00,-1.604486984597309540e+00,-6.983973995324565642e+00,-4.342786915128794334e+00
-1.061425036309504799e+00,-3.022944546477654537e+00,-2.326248753472970332e+00,-2.383929893928146804e+00,-9.961877404711875883e+00,-1.136056901809596908e+01
0.000000000000000000e+00,0.000000000000000000e+00,0.000000000000000000e+00,0.000000000000000000e+00,0.000000000000000000e+00,0.000000000000000000e+00
-3.478607484648658321e+00,-3.293772631647579718e+00,-2.657346586258860555e+00,-3.365633541090866210e+00,-1.140868791628975210e+01,-1.153605891902064684e+01
-2.512087320174179350e+00,-3.066688593425121123e+00,-3.036879744201931519e+00,-3.245128399395521779e+00,-1.141260236195481781e+01,-1.123541220764633408e+01
-2.639537441881834923e+00,-3.692352804746591666e+00,-3.459001928557116301e+00,-3.264331708197522719e+00,-1.201841658976428739e+01,-1.192144524886002799e+01
-3.543140485943792939e+00,-3.310345306250806363e+00,-3.281516572568439205e+00,-3.403552750021851203e+00,-1.197122759433510630e+01,-1.146633040306894635e+01
0.000000000000000000e+00,0.000000000000000000e+00,0.000000000000000000e+00,0.000000000000000000e+00,0.000000000000000000e+00,0.000000000000000000e+00
-3.168311877478626748e+00,-3.057827755419105120e+00,-3.000578684733292700e+00,-3.194835431696303463e+00,-1.162880558449261770e+01,-1.151414481091970288e+01
-2.538671838034222361e+00,-2.823138460941924777e+00,-2.829956570504206237e+00,-2.839582265520694371e+00,-1.118591041483974458e+01,-8.990543205125181458e+00
-2.632424253461135510e+00,-3.701342303264029798e+00,-3.306801297336574574e+00,-3.514372260228020739e+00,-1.173878931637279877e+01,-1.164233094375067523e+01
-3.447295656120634710e+00,-3.700077636108396018e+00,-3.057335483972965395e+00,-3.616222574560914449e+00,-1.176280308880016356e+01,-1.173625394435030422e+01
0.000000000000000000e+00,0.000000000000000000e+00,0.000000000000000000e+00,0.000000000000000000e+00,0.000000000000000000e+00,0.000000000000000000e+00
-2.659648343393906877e+00,-3.538494491793545027e+00,-3.364524538051410385e+00,-3.498733631896816298e+00,-1.165383392098347137e+01,-1.169440072922960994e+01
-3.228543351840689635e+00,-3.149566625732694636e+00,-2.669916666016704188e+00,-3.106876761890593031e+00,-1.093163420957234067e+01,-1.162040717557327518e+01
-2.666525045741169553e+00,-3.281668393141335738e+00,-3.250441608190633325e+00,-3.176294587706963490e+00,-1.148234222934287629e+01,-1.168933065839680019e+01
-3.115775040929351203e+00,-3.221758546300453663e+00,-2.651919334114873461e+00,-3.309667102668109706e+00,-1.199876872330239941e+01,-1.170633627520825470e+01
0.000000000000000000e+00,0.000000000000000000e+00,0.000000000000000000e+00,0.000000000000000000e+00,0.000000000000000000e+00,0.000000000000000000e+00
-9.328626189558717474e-01,-2.305193046470066953e+00,-2.195842264500520447e+00,-1.928911811632856299e+00,-7.620969972036498064e+00,-7.623927822441808111e+00
-1.253066202667848295e+00,5.795103093661918559e-01,1.550974523815087380e+00,-1.581848952404567993e-02,-8.420521088819883815e+00,-8.714984732664476041e+00
-2.537135610617297754e+00,-2.459466437379371762e+00,-2.891231740491743363e+00,-2.486782315383732289e+00,-1.028049375863284354e+01,-1.011766416009990266e+01
-5.045373343948716949e-01,-2.074760747046543674e+00,-2.098268143043328315e+00,-1.986112986902777600e+00,-7.956903070292491442e+00,-7.235984768436797943e+00
0.000000000000000000e+00,0.000000000000000000e+00,0.000000000000000000e+00,0.000000000000000000e+00,0.000000000000000000e+00,0.000000000000000000e+00
-2.576304044688872530e+00,-3.095212243569221755e+00,-3.306017545975470817e+00,-3.543980032303057914e+00,-1.169289270159547200e+01,-1.151881828155051224e+01
-3.257338775471634751e+00,-2.735192192042714243e+00,-3.460714049760629241e+00,-3.316019646462044612e+00,-1.119256311999284925e+01,-1.145466644044979532e+01
-4.172330096312402148e+00,-4.186272357365311336e+00,-4.466086817622526794e+00,-3.124033152221577403e+00,-1.211604339586962098e+01,-1.223563418450039464e+01
-3.470150013601541961e+00,-3.207892543177405464e+00,-2.545252477776641875e+00,-3.344713557896372258e+00,-1.131496633497019921e+01,-1.153274575218665987e+01
0.000000000000000000e+00,0.000000000000000000e+00,0.000000000000000000e+00,0.000000000000000000e+00,0.000000000000000000e+00,0.000000000000000000e+00
-3.123649754202828532e+00,-2.514539384980313930e+00,-3.131940526975026895e+00,-3.153883319505006888e+00,-1.118576650455321264e+01,-1.147183250357622164e+01
-2.850277506264983440e+00,-2.261346829262047997e+00,-2.740135090854035393e+00,-2.714506463214237719e+00,-1.014714210838926967e+01,-9.577218735141350692e+00
-3.424948743231982728e+00,-3.103257344467152734e+00,-3.194633611084646052e+00,-2.669112474706508475e+00,-1.193629503251246149e+01,-1.162333842908698678e+01
-2.893229876121594657e+00,-3.331143566687281954e+00,-3.204094904788121312e+00,-3.178716568498719308e+00,-1.162947860380247178e+01,-1.171049630317870260e+01
0.000000000000000000e+00,0.000000000000000000e+00,0.000000000000000000e+00,0.000000000000000000e+00,0.000000000000000000e+00,0.000000000000000000e+00
-3.214527435305977399e+00,-3.186191428281712312e+00,-3.688264184736292250e+00,-2.568548797929492533e+00,-1.164676395840192313e+01,-1.169224453044597922e+01
-2.954648740692813469e+00,-3.056627974375966339e+00,-2.734536670592191410e+00,-3.172499830582562019e+00,-1.116376865285250375e+01,-1.131116901515712669e+01
-2.957374666466557223e+00,-3.081818525076372772e+00,-3.056471223980848251e+00,-3.036200861504195103e+00,-1.084469001692729861e+01,-1.040395491528997773e+01
-2.632971675549208523e+00,-3.375284923906149093e+00,-3.247380513942787150e+00,-3.411077096741781833e+00,-1.212170999527059578e+01,-1.166017991419445821e+01
0.000000000000000000e+00,0.000000000000000000e+00,0.000000000000000000e+00,0.000000000000000000e+00,0.000000000000000000e+00,0.000000000000000000e+00
-1.704154084140092618e+00,-2.288590581223858056e+00,-2.267910827337244140e+00,-2.276762772273619451e+00,-9.642288514549356648e+00,-8.499249015059508139e+00
-5.854181061392495222e-02,5.460335703562864573e+00,3.959059923252365110e+00,-4.604150789522440945e-01,-7.278758598931768908e+00,-7.084193084980840105e+00
-1.612697114454698877e+00,-2.883004265885362738e+00,-2.615683003025344178e+00,-2.734762567606077610e+00,-1.034844519345306324e+01,-1.041636135060832835e+01
2.013395862559119287e+00,-1.465791942387804747e+00,-1.255554566092576207e+00,-1.420529130005094842e+00,-8.780606240138855156e+00,-8.645399813439107461e+00
0.000000000000000000e+00,0.000000000000000000e+00,0.000000000000000000e+00,0.000000000000000000e+00,0.000000000000000000e+00,0.000000000000000000e+00
-3.220937265359386181e+00,-3.180473942942304788e+00,-3.394790700990257371e+00,-2.691576410388502705e+00,-1.159998464387498629e+01,-1.155093198054577641e+01
-3.328395189197419946e+00,-2.577864281823524006e+00,-3.734008574259582325e+00,-3.494692751787891183e+00,-1.142071282057939108e+01,-1.145933944161018303e+01
-3.925009353556510927e+00,-3.472933573388995665e+00,-4.128448256380223391e+00,-4.004590729366026558e+00,-1.216144555027163854e+01,-1.237602943910211373e+01
-3.142189377460811173e+00,-2.593459239576981545e+00,-3.492313379618981806e+00,-3.648132388414728311e+00,-1.154319630007744557e+01,-1.150533569097101250e+01
0.000000000000000000e+00,0.000000000000000000e+00,0.000000000000000000e+00,0.000000000000000000e+00,0.000000000000000000e+00,0.000000000000000000e+00
-2.993269255856250588e+00,-2.595064605415737358e+00,-3.170736244000176729e+00,-3.174810573560884475e+00,-1.131460063333882182e+01,-1.143669194058124461e+01
-2.655011499007373210e+00,-2.093725235852321287e+00,-2.663591978445653208e+00,-2.946561871346777384e+00,-9.506058053316721157e+00,-1.010514337615855851e+01
-3.256774457683403234e+00,-3.321597731747255366e+00,-3.339255736489672444e+00,-2.649233875387983161e+00,-1.183370404890249006e+01,-1.176040903888504907e+01
-3.357939647289959417e+00,-3.347649047779267750e+00,-3.325854384157193699e+00,-2.701337531202518516e+00,-1.180018712810918480e+01,-1.175533985479534849e+01
0.000000000000000000e+00,0.000000000000000000e+00,0.000000000000000000e+00,0.000000000000000000e+00,0.000000000000000000e+00,0.000000000000000000e+00
-3.152045369158232191e+00,-2.607476998109428123e+00,-3.320690070805764726e+00,-3.202083496061841394e+00,-1.165359809038869443e+01,-1.164223462737123604e+01
-2.612427022872247040e+00,-3.580521163664078799e+00,-3.275809723554923281e+00,-3.413740391732213997e+00,-1.144680591068894771e+01,-1.072502958536700213e+01
-2.497707834000359561e+00,-3.061526425922931782e+00,-3.257625407433974551e+00,-3.210139109888462627e+00,-1.101135696123382246e+01,-1.119497011975301248e+01
-3.337713951523342715e+00,-2.726428052843424599e+00,-3.445549104016928155e+00,-3.365470259189500712e+00,-1.168253923215568868e+01,-1.172383626350757702e+01
0.000000000000000000e+00,0.000000000000000000e+00,0.000000000000000000e+00,0.000000000000000000e+00,0.000000000000000000e+00,0.000000000000000000e+00
-2.129348354229662732e+00,-2.628816769127203301e+00,-2.670789771447610317e+00,-2.527088288424539364e+00,-9.185312582183694730e+00,-1.048188693231274549e+01
1.842611639489344366e+00,1.041513143885787684e+01,5.036476982990865103e+00,1.769432543544513292e+00,-3.964793980591374556e+00,-3.791603439868676428e+00
-2.635950159979773666e+00,-3.023043009773999312e+00,-2.999750006283815384e+00,-2.928359799195431989e+00,-9.488208281773459873e+00,-9.512033325960253194e+00
-7.962361875405683520e-01,-2.213396118381742550e+00,-1.139409382836183759e+00,-2.282858754407365853e-01,-9.424850053389540960e+00,-8.674609436611399715e+00
0.000000000000000000e+00,0.000000000000000000e+00,0.000000000000000000e+00,0.000000000000000000e+00,0.000000000000000000e+00,0.000000000000000000e+00
-3.282848976764080717e+00,-2.603430609796671291e+00,-3.211484778819360564e+00,-3.164212752333237066e+00,-1.164592628171254240e+01,-1.162150891872191849e+01
-2.877494369667328300e+00,-2.009190274643164908e+00,-2.912067957842991550e+00,-2.888435706993626617e+00,-1.036459353265824745e+01,-1.005983644543243294e+01
-3.142056887112037789e+00,-2.600911968296882648e+00,-3.236660669183428318e+00,-3.191751020362046720e+00,-1.219639680067828635e+01,-1.171563663486411322e+01
-3.009726388359462934e+00,-3.189040126680989573e+00,-2.562900639866742214e+00,-3.254304498340090390e+00,-1.180440808335794323e+01,-1.171934577207398753e+01
0.000000000000000000e+00,0.000000000000000000e+00,0.000000000000000000e+00,0.000000000000000000e+00,0.000000000000000000e+00,0.000000000000000000e+00
-2.651327322774833295e+00,-3.216726884461180269e+00,-3.120596056247963102e+00,-3.366630952910228292e+00,-1.163766978376999361e+01,-1.172939139637521855e+01
-3.313672893149211873e+00,-3.134425433193329003e+00,-2.660792637831024710e+00,-3.086261725088588204e+00,-1.189466652422126280e+01,-1.156723243812538193e+01
-2.073052456613113659e+00,-2.791988532842188508e+00,-2.818551709184810683e+00,-2.734099213203759593e+00,-1.017325435030449654e+01,-1.097368215853216000e+01
-3.000378426487995132e+00,-3.213971720909587493e+00,-3.590512227528351641e+00,-3.302902960235683860e+00,-1.168002312265679876e+01,-1.261265991016418475e+01
0.000000000000000000e+00,0.000000000000000000e+00,0.000000000000000000e+00,0.000000000000000000e+00,0.000000000000000000e+00,0.000000000000000000e+00
-2.478580641011564722e+00,-3.148116253070520454e+00,-3.243130520657715898e+00,-3.207378176873556974e+00,-1.168044473157812568e+01,-1.168070877379232719e+01
-3.504841845066973605e+00,-3.221085319550486048e+00,-2.627024066459073381e+00,-3.295443551026083551e+00,-1.148418171027308787e+01,-1.140349323172763008e+01
-3.317187912777330716e+00,-3.493434755223210786e+00,-3.244548128304502121e+00,-2.992618206741870068e+00,-1.163431238453320837e+01,-1.165674661803163659e+01
-3.543937980257038767e+00,-3.192277929363218192e+00,-2.691834432128275001e+00,-3.134241498184052066e+00,-1.165092430290859404e+01,-1.172760517974530714e+01
0.000000000000000000e+00,0.000000000000000000e+00,0.000000000000000000e+00,0.000000000000000000e+00,0.000000000000000000e+00,0.000000000000000000e+00
2.264301918133836827e-02,5.480776923276173385e+00,5.786225879792657179e-02,1.959401727905354385e+00,-7.246296585219327291e+00,-7.123137633997975726e+00
-2.762563254097682108e+00,-2.673597748445338596e+00,-1.601599017101884126e+00,-2.673490049282954750e+00,-1.117641364305644025e+01,-1.077558701553042830e+01
5.386126573263555706e+00,7.319413283306366869e-02,-3.692057416817445259e-01,2.079968151251657016e+00,-6.925120666797546676e+00,-6.914800808733420290e+00
-2.343787186158750480e+00,-2.279357944520252754e+00,-1.115478512651468579e+00,-2.219108882969092811e+00,-1.059575951889541123e+01,-1.110927339938155178e+01
0.000000000000000000e+00,0.000000000000000000e+00,0.000000000000000000e+00,0.000000000000000000e+00,0.000000000000000000e+00,0.000000000000000000e+00
-3.255366963132577229e+00,-3.226947099999005086e+00,-3.292753918451401418e+00,-2.949101663268188567e+00,-1.163747166079956763e+01,-1.153316832660299518e+01
-2.971758713947095121e+00,-2.960775456412902962e+00,-3.091394498231435861e+00,-2.189547926298091696e+00,-1.031284035882088190e+01,-1.144235403347726887e+01
-3.095525616351882725e+00,-2.500447173017779523e+00,-3.350000639299106187e+00,-3.080849622082672656e+00,-1.170617912573998609e+01,-1.160617244747514754e+01
-3.258330922573662303e+00,-3.179762933367804578e+00,-2.549384552688702232e+00,-3.421996319138764342e+00,-1.160692682375325191e+01,-1.172801727494482016e+01
0.000000000000000000e+00,0.000000000000000000e+00,0.000000000000000000e+00,0.000000000000000000e+00,0.000000000000000000e+00,0.000000000000000000e+00
-3.381064698426067938e+00,-3.237690024810730538e+00,-2.614021598943830682e+00,-3.133602854496882806e+00,-1.161130363478229377e+01,-1.161059023457157835e+01
-3.166074242309625753e+00,-3.239466776529644321e+00,-2.680217938085909690e+00,-3.153458725086216052e+00,-1.186608770751523068e+01,-1.158690938272874860e+01
-3.086139632253132259e+00,-3.038750590779426108e+00,-3.078228382361961391e+00,-2.426006290847819269e+00,-1.138065016446360467e+01,-1.168597808542267380e+01
-3.727899118788946531e+00,-3.366153398691988041e+00,-3.208554628202070713e+00,-3.060604610089364463e+00,-1.169554309121770785e+01,-1.166376134237999729e+01
0.000000000000000000e+00,0.000000000000000000e+00,0.000000000000000000e+00,0.000000000000000000e+00,0.000000000000000000e+00,0.000000000000000000e+00
-3.256302970463468061e+00,-3.768109799049332409e+00,-3.146913985841423678e+00,-2.569783420070516744e+00,-1.161884645993896825e+01,-1.176939971310887856e+01
-3.303688459037794622e+00,-3.322576198264452163e+00,-2.525252551835804216e+00,-3.414078065855133737e+00,-1.131270954046327404e+01,-1.166249451380225999e+01
-3.409210668381056575e+00,-3.526457812682109783e+00,-2.634424235247827983e+00,-3.575091173398056821e+00,-1.165542714098573285e+01,-1.182875877514495855e+01
-3.155475932294409702e+00,-3.096847657053683367e+00,-2.635801256221029565e+00,-3.218823156959087495e+00,-1.167298364134871491e+01,-1.190799694135460030e+01
0.000000000000000000e+00,0.000000000000000000e+00,0.000000000000000000e+00,0.000000000000000000e+00,0.000000000000000000e+00,0.000000000000000000e+00
-1.056104492458406430e+00,1.834762482001425443e+00,-1.518432069896164194e+00,1.022244449875340022e+00,-8.742407273081544972e+00,-8.855117557399132977e+00
-2.454924436372230012e+00,-2.328749633040488654e+00,-1.124549171599732889e+00,-2.554582580200231767e+00,-1.062469859014118967e+01,-1.072563830924822170e+01
-1.188734492853145808e+00,-1.115066589787356177e+00,-1.140710095465259588e+00,2.190402944493325066e+00,-8.867627893917548576e+00,-8.706605262914481003e+00
-1.939261280816509503e+00,-2.477095748845174583e+00,1.093431062337822945e-01,-1.785506009972930297e+00,-1.040613149696819306e+01,-1.055466927422648737e+01
0.000000000000000000e+00,0.000000000000000000e+00,0.000000000000000000e+00,0.000000000000000000e+00,0.000000000000000000e+00,0.000000000000000000e+00
-3.216761584238554850e+00,-3.242127921662201206e+00,-3.191936093543912722e+00,-2.707449426463713671e+00,-1.161293621454469083e+01,-1.151861708672757523e+01
-3.200194369253204218e+00,-3.088605156775248162e+00,-3.112504388715313208e+00,-2.335778762210243720e+00,-1.114471985443079838e+01,-1.117714321863195259e+01
-3.188697275963855660e+00,-2.598789204908035000e+00,-3.228098008098294169e+00,-3.158263785900552456e+00,-1.172833830289303592e+01,-1.171246143997473510e+01
-3.450294576578805561e+00,-3.219249136078208728e+00,-2.543160650130914302e+00,-3.319713609635384977e+00,-1.168218714211449161e+01,-1.184151001095367128e+01
0.000000000000000000e+00,0.000000000000000000e+00,0.000000000000000000e+00,0.000000000000000000e+00,0.000000000000000000e+00,0.000000000000000000e+00
-3.281443073360698293e+00,-2.636733507430594869e+00,-3.226376334338232343e+00,-3.247546969553327223e+00,-1.154358404213497025e+01,-1.152493252453251671e+01
-3.052054900666082649e+00,-3.131031142157274960e+00,-2.609834493524317178e+00,-3.090021021597353368e+00,-1.110776674603018144e+01,-1.132461236072067123e+01
-3.529449204112202310e+00,-3.450516929940463662e+00,-3.243495996843523077e+00,-2.553975482933305674e+00,-1.149855172278085469e+01,-1.178684109388797552e+01
-2.932780537884037475e+00,-3.336090107307994934e+00,-3.432103341788139694e+00,-3.430789762088568118e+00,-1.178906507409060644e+01,-1.172344769082430638e+01
0.000000000000000000e+00,0.000000000000000000e+00,0.000000000000000000e+00,0.000000000000000000e+00,0.000000000000000000e+00,0.000000000000000000e+00
-3.512949141684790888e+00,-3.240061179750857612e+00,-3.133928963588286543e+00,-2.828351977911343518e+00,-1.163395169080755309e+01,-1.190694279583877879e+01
-3.228827570907285338e+00,-3.274444817064035895e+00,-2.489046215474252755e+00,-3.197059714735945413e+00,-1.167231058648000186e+01,-1.124799056273027809e+01
-3.229368515370500514e+00,-3.448322702369127857e+00,-2.950584977823226929e+00,-3.230962272817833547e+00,-1.165863978621419861e+01,-1.130950949766941172e+01
-3.280576372422126408e+00,-3.317848235851990069e+00,-2.627574590987867165e+00,-3.251503087284494775e+00,-1.170509745563096615e+01,-1.173431129090986680e+01
0.000000000000000000e+00,0.000000000000000000e+00,0.000000000000000000e+00,0.000000000000000000e+00,0.000000000000000000e+00,0.000000000000000000e+00
-1.791442126863726170e+00,-1.709654620294773331e+00,-1.767878957238383286e+00,-7.993701179286052949e-02,-9.957716853641253252e+00,-9.506828415641964014e+00
-1.926729310927371097e+00,-4.452895821793107500e-01,-6.379125165661596597e-01,-1.765304106098359860e+00,-9.725728690492037032e+00,-9.959367710852765398e+00
-1.948700163705777033e+00,-2.117763904424005528e+00,-1.773703023277438673e+00,2.217385297440335468e-01,-9.707859942862976155e+00,-1.001841662321942295e+01
-1.203918838640968714e+00,-1.567919014848636383e+00,1.846289331770596176e+00,-1.289688024709960024e+00,-8.837754996802599905e+00,-8.727769089552360526e+00
0.000000000000000000e+00,0.000000000000000000e+00,0.000000000000000000e+00,0.000000000000000000e+00,0.000000000000000000e+00,0.000000000000000000e+00
-3.232699495984355131e+00,-3.250231971995665603e+00,-3.097466332274732004e+00,-2.588300774579647801e+00,-1.153765196845312424e+01,-1.155813425295259300e+01
-3.149905466368450035e+00,-3.172601562042005163e+00,-2.610080783899287216e+00,-3.328622071962062723e+00,-1.134634752150484971e+01,-1.168735929804106277e+01
-3.255005489843625810e+00,-3.355165224878935870e+00,-3.434293864355428827e+00,-2.990531659553716359e+00,-1.239935535649293286e+01,-1.216613965918601536e+01
-3.088119964704848730e+00,-2.518140223301930547e+00,-3.256690059181546193e+00,-2.995322470484782507e+00,-1.167647357551774867e+01,-1.159243930597255456e+01
0.000000000000000000e+00,0.000000000000000000e+00,0.000000000000000000e+00,0.000000000000000000e+00,0.000000000000000000e+00,0.000000000000000000e+00
-3.360209539616123564e+00,-3.212089553387810881e+00,-3.007125291808393719e+00,-3.255425997559263429e+00,-1.137315478536655355e+01,-1.127012412663821905e+01
-2.585570436833293684e+00,-3.038765524110745186e+00,-2.914018678379896699e+00,-3.019989975171529117e+00,-1.086480551606202027e+01,-9.846224118943995407e+00
-3.246006597219555978e+00,-3.383588583919570070e+00,-3.284255947516084628e+00,-2.612666645693922707e+00,-1.160467209349056539e+01,-1.163237871011058999e+01
-3.194516117393607857e+00,-3.136938852059941940e+00,-3.237201814562218338e+00,-2.746389386439876290e+00,-1.168678354016867971e+01,-1.164915555626783039e+01
0.000000000000000000e+00,0.000000000000000000e+00,0.000000000000000000e+00,0.000000000000000000e+00,0.000000000000000000e+00,0.000000000000000000e+00
-3.151812786539168521e+00,-2.565039489409993045e+00,-3.327382785371734375e+00,-3.265643537747200398e+00,-1.162590156003886932e+01,-1.192331442634683647e+01
-2.455844760794474002e+00,-3.074116365148508834e+00,-2.894429132468607335e+00,-3.019266227874852326e+00,-1.121189075598057094e+01,-1.117388029177534214e+01
-2.853548198502814603e+00,-3.295393244195797600e+00,-2.473983258413114950e+00,-3.080887432282695571e+00,-1.091238386289366424e+01,-1.101311849118099317e+01
-2.541594684011096561e+00,-3.157838464878703455e+00,-3.354003702795433028e+00,-3.216329685961224261e+00,-1.165587640033718664e+01,-1.159997588153346371e+01
0.000000000000000000e+00,0.000000000000000000e+00,0.000000000000000000e+00,0.000000000000000000e+00,0.000000000000000000e+00,0.000000000000000000e+00
-2.052510870469217874e+00,-2.083653320642215867e+00,-2.208914417965950783e+00,-1.138094426116557312e+00,-1.036751442772459164e+01,-9.190980097312010599e+00
-1.314621972673625239e+00,1.977976616134466958e+00,8.385643848685837565e-01,-1.124968134620880855e+00,-6.818766070721495431e+00,-7.923897328678691565e+00
-2.522810314669192699e+00,-2.253887301282973432e+00,-2.301703927172858322e+00,-9.255846248465443571e-01,-1.062374443857966710e+01,-1.037981828404964091e+01
5.300127835822324940e+00,-1.733255135057690244e-03,-9.436824760872758455e-02,9.047621162395430919e-04,-6.885701104684200047e+00,-7.571104803793600624e+00
0.000000000000000000e+00,0.000000000000000000e+00,0.000000000000000000e+00,0.000000000000000000e+00,0.000000000000000000e+00,0.000000000000000000e+00
-3.155473182854008130e+00,-3.230293904183359821e+00,-3.368800130228092549e+00,-3.236197912212690042e+00,-1.217414065682550550e+01,-1.165992970611963742e+01
-3.100884708498930387e+00,-2.605993801466501836e+00,-3.340799643941436248e+00,-3.199286760450198663e+00,-1.099732679056431373e+01,-1.106490647484587520e+01
-3.541753579726490742e+00,-4.535209544902787826e+00,-3.816489232065579884e+00,-2.799786821115949564e+00,-1.253018416187429196e+01,-1.179356147006279620e+01
-3.155874609692622901e+00,-2.962656720372308428e+00,-3.147750365971259345e+00,-3.165345090064128009e+00,-1.215197780514546544e+01,-1.158800384716609599e+01
0.000000000000000000e+00,0.000000000000000000e+00,0.000000000000000000e+00,0.000000000000000000e+00,0.000000000000000000e+00,0.000000000000000000e+00
-2.959099203129000877e+00,-2.959299775010812539e+00,-2.533075544547309654e+00,-3.239837822203076811e+00,-1.125532489764123767e+01,-1.153403440989104212e+01
-2.967572892484076963e+00,-2.279544279330035117e+00,-2.891370349988210631e+00,-2.975267485913624999e+00,-1.084011084599873875e+01,-1.054439337933825449e+01
-3.101180820099097790e+00,-3.211468305243806665e+00,-3.242230834169389286e+00,-2.940619325623954339e+00,-1.169199152990506896e+01,-1.172069193739558557e+01
-3.377569168863557625e+00,-3.193655357488690338e+00,-3.110256703152108226e+00,-2.627634750612840353e+00,-1.169921135947414470e+01,-1.180172750806695525e+01
0.000000000000000000e+00,0.000000000000000000e+00,0.000000000000000000e+00,0.000000000000000000e+00,0.000000000000000000e+00,0.000000000000000000e+00
-3.069000661142485153e+00,-3.225319643477940090e+00,-3.247772639873099720e+00,-3.226629421543287357e+00,-1.173170968609174025e+01,-1.182370106021542533e+01
-2.484493618530974501e+00,-3.127338073089937609e+00,-3.256672549029017816e+00,-3.139099235896508411e+00,-1.051397736382465986e+01,-1.080047851732203235e+01
-2.386396844434533371e+00,-2.912986690478531315e+00,-2.983431780637455510e+00,-3.014573652299624928e+00,-1.076534550309742500e+01,-1.032569404311096761e+01
-3.121608026111654777e+00,-2.682539551672200595e+00,-3.075928698619315949e+00,-3.141205634315221484e+00,-1.181516393304823609e+01,-1.164587951949899747e+01
0.000000000000000000e+00,0.000000000000000000e+00,0.000000000000000000e+00,0.000000000000000000e+00,0.000000000000000000e+00,0.000000000000000000e+00
-2.767233753555640607e+00,-2.687680549755398829e+00,-2.702198005484809595e+00,-1.733282124244626576e+00,-9.407308698371727118e+00,-8.451632154365343652e+00
-1.003077226089021945e+00,5.282859034644248553e+00,6.534244478962187852e-01,-2.049870140952183561e-01,-6.462943678143400206e+00,-7.140894714606800697e+00
-2.513076341365549027e+00,-2.511282540781930805e+00,-2.520637621580982923e+00,-1.797227340694316000e+00,-9.768406045679668637e+00,-8.788744393368475016e+00
-1.390366878312531362e+00,-1.399203594300242104e+00,-1.519448989555073792e+00,1.496830389273248629e+00,-6.415881075708777637e+00,-6.636222977036229764e+00
0.000000000000000000e+00,0.000000000000000000e+00,0.000000000000000000e+00,0.000000000000000000e+00,0.000000000000000000e+00,0.000000000000000000e+00
-3.292579044687770740e+00,-2.832618533377132763e+00,-3.096775729113662834e+00,-3.157165282030661047e+00,-1.149366954319951972e+01,-1.148043608929631887e+01
-3.257824086707071132e+00,-2.361594804176188500e+00,-2.934785538209122802e+00,-2.834754282878334308e+00,-1.025064894164799512e+01,-8.747552832851365423e+00
-3.460154489489338125e+00,-2.632062661694464456e+00,-4.013000123180693102e+00,-3.752076316523578647e+00,-1.204813748447666910e+01,-1.282834942725175331e+01
-3.313613856724998641e+00,-2.601859799978192278e+00,-3.257961845691470071e+00,-3.838072008162533688e+00,-1.128896040801062384e+01,-1.149290938386880256e+01
0.000000000000000000e+00,0.000000000000000000e+00,0.000000000000000000e+00,0.000000000000000000e+00,0.000000000000000000e+00,0.000000000000000000e+00
-3.282042920613340353e+00,-2.913700779322349721e+00,-3.568747410180396873e+00,-3.424683940712571317e+00,-1.178056186363842528e+01,-1.198102931893276235e+01
-3.089794212735677004e+00,-2.731725473543295646e+00,-3.465098639705736616e+00,-3.106720863854473880e+00,-1.203859768329726165e+01,-1.177994276230228543e+01
-2.187573704749606218e+00,-2.447666034639655042e+00,-2.258007079373292925e+00,-2.460954073546199439e+00,-1.016941213119627108e+01,-8.942003923568409007e+00
-2.630285904550202503e+00,-3.086056487233387546e+00,-3.203818619258170131e+00,-3.506570582337974251e+00,-1.197143952571869363e+01,-1.168371272971737085e+01
0.000000000000000000e+00,0.000000000000000000e+00,0.000000000000000000e+00,0.000000000000000000e+00,0.000000000000000000e+00,0.000000000000000000e+00
-2.417483015981777061e+00,-3.108130016078979097e+00,-2.927355652482147796e+00,-3.213367706091068587e+00,-1.166553030435317062e+01,-1.151258293690229273e+01
-3.263989516810704039e+00,-2.631406864529394429e+00,-3.355617368705263281e+00,-3.275637678242930395e+00,-1.140204260740920894e+01,-1.158437559731753552e+01
-3.353924144831493592e+00,-2.782505830186739804e+00,-3.424509946595455823e+00,-3.253897179270090145e+00,-1.170187127889775880e+01,-1.172458772912678349e+01
-3.281311103323422795e+00,-2.630740687096101205e+00,-3.497042389017975594e+00,-3.234285533242647226e+00,-1.171241972777232654e+01,-1.161458629295458600e+01
0.000000000000000000e+00,0.000000000000000000e+00,0.000000000000000000e+00,0.000000000000000000e+00,0.000000000000000000e+00,0.000000000000000000e+00
-1.131387458358638964e+00,2.153533161531126172e+00,-1.166140335036998099e-01,-4.270549145978441707e-01,-8.220839203926223249e+00,-8.121740785734454349e+00
-2.795081084789925896e+00,-2.012115750778307621e+00,-2.792455870805567120e+00,-3.238626954761242516e+00,-1.155388122876917478e+01,-1.129846781371855258e+01
9.717337128252227174e+00,1.354941494901576782e+00,4.896148554110302697e+00,5.236633730000616715e+00,-3.552601210879024141e+00,-3.928706743661667389e+00
-2.598492089342111289e+00,-1.797664835297883901e+00,-2.488878633543094576e+00,-2.469906631794141383e+00,-1.102617878397228424e+01,-1.184194507806993535e+01
0.000000000000000000e+00,0.000000000000000000e+00,0.000000000000000000e+00,0.000000000000000000e+00,0.000000000000000000e+00,0.000000000000000000e+00
-3.123763214263092891e+00,-2.840556479605078177e+00,-3.215618937968037994e+00,-3.054697604098970398e+00,-1.184919408223102621e+01,-1.158538956414159316e+01
-2.650558770976537915e+00,-3.276816578620434850e+00,-3.017164675502543858e+00,-3.068440284942535179e+00,-9.978602825114551322e+00,-1.043196056336478250e+01
-3.427851370202912751e+00,-2.514601617286885027e+00,-3.814321834848409587e+00,-3.813953029527646699e+00,-1.197505206624656360e+01,-1.189210271389016427e+01
-3.201834358702457806e+00,-2.633814540898766321e+00,-3.288998490689160725e+00,-3.265115627709588964e+00,-1.168133198739501033e+01,-1.235141649718212697e+01
0.000000000000000000e+00,0.000000000000000000e+00,0.000000000000000000e+00,0.000000000000000000e+00,0.000000000000000000e+00,0.000000000000000000e+00
-3.511616150721346141e+00,-2.647145060487130497e+00,-3.193649623505260493e+00,-3.203257634507198581e+00,-1.168927712766412164e+01,-1.177077782203377332e+01
-3.154394430923036285e+00,-3.097339674739420623e+00,-2.742374882529803326e+00,-3.235349950496417382e+00,-1.146184681260207405e+01,-1.166736236088972056e+01
-3.378959328966864462e+00,-2.471824417793326845e+00,-3.219117332461144176e+00,-3.129704319105216737e+00,-1.145584486897591958e+01,-1.119929558535902459e+01
-3.480813630766288913e+00,-2.608585292384375531e+00,-3.138582506702755737e+00,-3.207619346913929803e+00,-1.166112049065161926e+01,-1.179605472282238132e+01
0.000000000000000000e+00,0.000000000000000000e+00,0.000000000000000000e+00,0.000000000000000000e+00,0.000000000000000000e+00,0.000000000000000000e+00
-3.233591167109179487e+00,-2.677396597997216077e+00,-3.764584279579555215e+00,-3.243985633062556051e+00,-1.193238032929133752e+01,-1.164457829392693533e+01
-3.483763654142304489e+00,-3.492483837661143120e+00,-2.828452447897129129e+00,-3.498303438759051698e+00,-1.165167961801840946e+01,-1.152912383411148056e+01
-3.458571954301378426e+00,-2.649740767200618574e+00,-3.418430585960672730e+00,-3.501363717172910395e+00,-1.178988698067439067e+01,-1.219542595974008314e+01
-3.127314898311869040e+00,-2.693190415603182064e+00,-3.224168812306695386e+00,-3.246915667346326195e+00,-1.178498592900198894e+01,-1.172851690609956421e+01
0.000000000000000000e+00,0.000000000000000000e+00,0.000000000000000000e+00,0.000000000000000000e+00,0.000000000000000000e+00,0.000000000000000000e+00
-1.548754737662004555e+00,1.629263204723757630e-01,-1.527006545758333500e+00,-1.533933915290046412e+00,-4.235849148561405819e+00,-3.557615658595318475e+00
-2.374528717386897636e+00,-1.713988566928265289e+00,-2.260268492666818396e+00,-2.116344436314359978e+00,-5.893962405587003239e+00,-8.376484232269971741e+00
-2.048018728021368862e+00,-2.569475662029324647e-01,-2.026171842392719746e+00,-2.023487600200327918e+00,-5.958207014160764814e+00,-6.582706449760420853e+00
-2.761919623957588943e+00,-1.122933084391913416e+00,-2.414532779599479539e+00,-2.282008346273947108e+00,-8.868252746150178112e+00,-7.889726373039206209e+00
0.000000000000000000e+00,0.000000000000000000e+00,0.000000000000000000e+00,0.000000000000000000e+00,0.000000000000000000e+00,0.000000000000000000e+00
-3.155340753098733853e+00,-3.249160992203872667e+00,-3.233815036700234291e+00,-2.690822823738451053e+00,-1.137384324625292464e+01,-1.151897509482590110e+01
-3.031745413697298552e+00,-2.498190112624860681e+00,-3.035380270939465497e+00,-3.050285629391939146e+00,-1.001346215828869646e+01,-1.073977564480826707e+01
-4.542796849009720361e+00,-3.484405250499359230e+00,-3.437970761728155189e+00,-2.656885581828155818e+00,-1.188597643845744223e+01,-1.268585876205521501e+01
-3.895547878123659213e+00,-3.654419249463629615e+00,-3.580363020536688090e+00,-2.857907706952417914e+00,-1.177155146566484589e+01,-1.175822003757380863e+01
0.000000000000000000e+00,0.000000000000000000e+00,0.000000000000000000e+00,0.000000000000000000e+00,0.000000000000000000e+00,0.000000000000000000e+00
-3.440137229164191179e+00,-3.185281039415325033e+00,-3.144509986268154478e+00,-2.753491410876101053e+00,-1.163913061000538995e+01,-1.192632009075389909e+01
-3.282872422944902002e+00,-2.741380798459211121e+00,-3.537161650016597214e+00,-3.387910320585620028e+00,-1.149720844289174693e+01,-1.140502235861613300e+01
-3.269176943997741169e+00,-3.216472934045162546e+00,-3.254339450919486953e+00,-2.647575233418562490e+00,-1.141399680778001979e+01,-1.115537882251203605e+01
-3.244730389680640315e+00,-3.402662728472625187e+00,-3.679163112961183923e+00,-2.612158265032438642e+00,-1.205406560775656288e+01,-1.209483442505916528e+01
0.000000000000000000e+00,0.000000000000000000e+00,0.000000000000000000e+00,0.000000000000000000e+00,0.000000000000000000e+00,0.000000000000000000e+00
-3.038520200644663660e+00,-3.072536345871665020e+00,-3.028386159957648704e+00,-2.675670516574125912e+00,-1.183479943282307900e+01,-1.176189297539751877e+01
-3.354983641878739320e+00,-2.565286447523825064e+00,-3.546357822493636291e+00,-3.312152873663027464e+00,-1.164098808583933575e+01,-1.162175036527978733e+01
-3.464627933662083326e+00,-3.277557783759898591e+00,-3.290400586991220955e+00,-2.673605336900241713e+00,-1.187211043253946663e+01,-1.161124470018313914e+01
-2.714256154321131209e+00,-3.475856831263574254e+00,-3.267241492601581143e+00,-3.259407057105670802e+00,-1.228774411569951930e+01,-1.169360599874147510e+01
0.000000000000000000e+00,0.000000000000000000e+00,0.000000000000000000e+00,0.000000000000000000e+00,0.000000000000000000e+00,0.000000000000000000e+00
-1.665195262092962869e+00,-1.815446625765993804e+00,-1.673982709273758029e+00,-1.067915179429300476e+00,-7.563009626678408814e+00,-5.038997199415227612e+00
-1.893002391538512352e+00,-1.153992743600941839e+00,-1.897483942863457118e+00,-1.945171675375017895e+00,-4.812243527474334925e+00,-8.476439367996066565e+00
-2.188677432799971179e+00,-2.553139192523318890e+00,-2.183614671589109602e+00,-1.459988697150607084e+00,-6.201913891756066555e+00,-8.321654213087015250e+00
-2.321962069091595193e+00,1.080103247051625998e-01,-2.375102075039530636e+00,-2.803107551993661239e+00,-7.077329290648304294e+00,-9.753260626949092682e+00
0.000000000000000000e+00,0.000000000000000000e+00,0.000000000000000000e+00,0.000000000000000000e+00,0.000000000000000000e+00,0.000000000000000000e+00
-3.047029661296299707e+00,-3.046435908789020708e+00,-2.889240971842211625e+00,-2.786964135635583428e+00,-1.145386589113449460e+01,-1.114832846862572069e+01
-3.218824728923538991e+00,-2.657997516910128866e+00,-3.689700989873425652e+00,-3.460468031066552985e+00,-9.778588349856297768e+00,-1.102216271368995315e+01
-4.018579592077215601e+00,-2.983035313921390319e+00,-3.781893608545728647e+00,-3.894078766667515179e+00,-1.183607575297347303e+01,-1.170510549077682505e+01
-3.029118567813167129e+00,-3.228266645365640120e+00,-3.220123444084987963e+00,-3.561996818927155584e+00,-1.164331744397814639e+01,-1.183407472301780139e+01
0.000000000000000000e+00,0.000000000000000000e+00,0.000000000000000000e+00,0.000000000000000000e+00,0.000000000000000000e+00,0.000000000000000000e+00
-3.376098398276996537e+00,-3.567642368123208563e+00,-2.614160219201047131e+00,-3.178490770067807336e+00,-1.202038740146466722e+01,-1.175231861184705728e+01
-3.005834350532899713e+00,-2.919596398264462600e+00,-2.627985641676746198e+00,-2.993451868305495811e+00,-1.072415911181835391e+01,-9.784514946396532409e+00
-3.313093340450591118e+00,-2.697048061879188996e+00,-3.377038246782863240e+00,-3.414899449788080243e+00,-1.187585764864379634e+01,-1.170172241771213173e+01
-2.717012143647252742e+00,-3.299005313734250322e+00,-3.281992130082007630e+00,-3.333496523779059473e+00,-1.170488932398758486e+01,-1.165282119488996315e+01
0.000000000000000000e+00,0.000000000000000000e+00,0.000000000000000000e+00,0.000000000000000000e+00,0.000000000000000000e+00,0.000000000000000000e+00
-3.188087773545838388e+00,-2.642901260780752271e+00,-3.225724207825227285e+00,-3.164697547695536350e+00,-1.153404768042661921e+01,-1.165127271145890830e+01
-2.356724305665048647e+00,-3.057159251503570818e+00,-3.086407360197273242e+00,-2.844610080175134836e+00,-1.133078630383046459e+01,-1.133206891961205187e+01
-2.035774698724444942e+00,-3.349573799593611234e+00,-3.052389685321196477e+00,-2.888410990557696234e+00,-9.980929962160791646e+00,-1.088925837286024922e+01
-2.471820399765579879e+00,-3.241779302761373049e+00,-3.491751900420880794e+00,-3.392462767627947962e+00,-1.120871782410226558e+01,-1.160099984414278396e+01
0.000000000000000000e+00,0.000000000000000000e+00,0.000000000000000000e+00,0.000000000000000000e+00,0.000000000000000000e+00,0.000000000000000000e+00
-2.581331567114461656e+00,-1.714335804525119134e+00,-3.059227106924088613e+00,-2.629550964543904357e+00,-9.588762995527774891e+00,-9.535733296357268074e+00
-1.645327822223324521e+00,1.746248481852110540e-02,-1.616570675334438656e+00,-1.479522500122578910e+00,-6.972436719812657557e+00,-8.733436674597040650e+00
-2.383855342785206499e+00,-1.608029066665362050e+00,-2.624783866595343351e+00,-2.329004508257090045e+00,-1.056159702882481355e+01,-1.062603469230451125e+01
1.073244935023887692e+01,1.701459921334869341e+00,2.000588816161084527e+00,4.339727460697296202e+00,-3.880860794316669971e+00,-3.797310144308684077e+00
0.000000000000000000e+00,0.000000000000000000e+00,0.000000000000000000e+00,0.000000000000000000e+00,0.000000000000000000e+00,0.000000000000000000e+00
-3.526836044913844503e+00,-3.231850705043614713e+00,-3.196910402803566864e+00,-2.624011824842138907e+00,-1.129206475666013532e+01,-1.182948951565675877e+01
-3.032070131658874956e+00,-2.631925705315134145e+00,-2.964714110845790618e+00,-3.137470784748467967e+00,-1.077742895646296262e+01,-1.113628921465776855e+01
-4.622569529414409573e+00,-2.727538621957144915e+00,-4.015924276989744968e+00,-4.143663926290407140e+00,-1.177717631502220819e+01,-1.177014957380414195e+01
-3.121526728049651034e+00,-2.649275239430816775e+00,-3.190994124257504616e+00,-3.228674922352775312e+00,-1.164935696228392636e+01,-1.162949310554387239e+01
0.000000000000000000e+00,0.000000000000000000e+00,0.000000000000000000e+00,0.000000000000000000e+00,0.000000000000000000e+00,0.000000000000000000e+00
-3.075244252860229288e+00,-2.627291448300995036e+00,-3.032202057443877496e+00,-3.572274921697062400e+00,-1.144526214618853999e+01,-1.152030638106259453e+01
-2.939544396094403211e+00,-2.625378317623785485e+00,-2.989373365944246519e+00,-3.002168718920843471e+00,-9.791231102660084673e+00,-9.976634968297014794e+00
-3.179352662671253160e+00,-2.679267652005475231e+00,-3.199850173060338143e+00,-3.365203462563647552e+00,-1.178813888244999220e+01,-1.168071135674580496e+01
-3.254945527879318234e+00,-2.658257945421897084e+00,-3.374678654895378216e+00,-3.193224966160108202e+00,-1.190824465839350843e+01,-1.172405486955906895e+01
0.000000000000000000e+00,0.000000000000000000e+00,0.000000000000000000e+00,0.000000000000000000e+00,0.000000000000000000e+00,0.000000000000000000e+00
-3.198428771049973918e+00,-3.217654100865858791e+00,-3.326738859444366980e+00,-2.649139141443024315e+00,-1.168351106968466269e+01,-1.184072346313292634e+01
-3.194980131155397363e+00,-3.041384211539241100e+00,-3.091813625792887876e+00,-2.455028525416323770e+00,-1.019748423816304417e+01,-9.912336874282432930e+00
-2.990557757073134759e+00,-3.047978342348727665e+00,-2.995465202342319166e+00,-2.259548601486898178e+00,-1.092068088827726058e+01,-8.813652285703035716e+00
-3.488404208870713230e+00,-2.687320781075638987e+00,-3.904262044007242860e+00,-3.629569890327357662e+00,-1.146548835456853155e+01,-1.165353393321102971e+01
0.000000000000000000e+00,0.000000000000000000e+00,0.000000000000000000e+00,0.000000000000000000e+00,0.000000000000000000e+00,0.000000000000000000e+00
-2.773821182952614262e+00,-2.073705736533268063e+00,-2.686559843817573068e+00,-2.737082327328383968e+00,-8.547053847579048735e+00,-7.619606171852270293e+00
-1.345761265401518969e+00,1.958734698944510910e+00,-3.358679827868875645e-01,-1.457104712061273011e+00,-8.175215670521982503e+00,-8.573130678462868914e+00
-2.530810496075252214e+00,-3.010967212992272213e+00,-2.882366194382932623e+00,-2.973814663530303104e+00,-8.874806052523934952e+00,-8.607957558061706038e+00
5.400879234177526023e+00,-1.127018222437993877e+00,-9.962439165915779604e-01,-9.316326659276904509e-01,-3.664429122267705896e+00,-4.817074641074563068e+00
0.000000000000000000e+00,0.000000000000000000e+00,0.000000000000000000e+00,0.000000000000000000e+00,0.000000000000000000e+00,0.000000000000000000e+00
-2.677883647565891145e+00,-3.139780512753173269e+00,-3.184425710723121750e+00,-3.361897925662449715e+00,-1.160022663799529319e+01,-1.158836118595678499e+01
-3.006760767351696728e+00,-2.757919433820848809e+00,-3.025670485525122189e+00,-3.070051910484413504e+00,-8.504389287561952671e+00,-1.081230122578087638e+01
-3.501297344322238381e+00,-2.605931897637449701e+00,-3.264699836635934549e+00,-3.502767909228057253e+00,-1.202030119222786730e+01,-1.194942505991540926e+01
-3.134626501097242723e+00,-2.636638694532069227e+00,-3.312431711465831263e+00,-3.270180285663846220e+00,-1.172569173182394664e+01,-1.176843834348285789e+01
0.000000000000000000e+00,0.000000000000000000e+00,0.000000000000000000e+00,0.000000000000000000e+00,0.000000000000000000e+00,0.000000000000000000e+00
-3.200236453853308571e+00,-2.602773850202959594e+00,-3.366276277675623430e+00,-3.280192721818398827e+00,-1.188611455194933342e+01,-1.184001719031570765e+01
-3.179724875945153073e+00,-2.728805620616276073e+00,-3.452414516482315676e+00,-3.116441738710487908e+00,-1.187547433317141099e+01,-1.177254249770220440e+01
-1.772479310488393800e+00,-1.956714651749092981e+00,-1.797193687786866612e+00,-1.882345601142861646e+00,-1.180715398183815212e+00,-9.703025414887942901e+00
-3.101194011493262792e+00,-3.229086256643166397e+00,-3.365744881813032219e+00,-3.182246762174231858e+00,-2.395183899379804249e+00,-1.164374289294066322e+01
0.000000000000000000e+00,0.000000000000000000e+00,0.000000000000000000e+00,0.000000000000000000e+00,0.000000000000000000e+00,0.000000000000000000e+00
-2.756220650324989307e+00,-2.834759950285581365e+00,-2.894422155568383559e+00,-2.968189386157551013e+00,-2.345306494060032776e+00,-1.162004607026502789e+01
-3.100240334646751084e+00,-2.713241650970172003e+00,-3.153833477417536724e+00,-3.285226859995320048e+00,-1.169616489116345015e+01,-1.135024297718587682e+01
-3.602804328431707948e+00,-2.774510730608011677e+00,-3.171210796377083696e+00,-3.220680011909905716e+00,-1.179573849178602174e+01,-1.183307151847374072e+01
-3.146699830812163867e+00,-2.614426010206169160e+00,-3.046512294768253248e+00,-3.672895730999320207e+00,-1.130049196841649461e+01,-1.121955369112572676e+01
0.000000000000000000e+00,0.000000000000000000e+00,0.000000000000000000e+00,0.000000000000000000e+00,0.000000000000000000e+00,0.000000000000000000e+00
-1.354336116432581560e+00,-5.433134868963752917e-02,-1.114896465709194207e+00,-1.198359665596924861e+00,-8.868035663560862147e+00,-1.654939300426933046e+00
-3.039930693513027915e+00,-2.251244208348698095e+00,-3.288904626860717606e+00,-3.022227928165235333e+00,-1.165431737971911197e+01,-3.000371275282897265e+00
1.091806872061560973e+01,4.254568759557267654e+00,1.033728808254974751e+01,1.078772706030537343e+01,1.935228830745670869e+00,1.999999999999998579e+01
-2.889056017931839193e+00,-2.132023123476141979e+00,-2.700488418946858982e+00,-2.769740143293371926e+00,-1.151673792915613603e+01,-2.984773427542897650e+00
0.000000000000000000e+00,0.000000000000000000e+00,0.000000000000000000e+00,0.000000000000000000e+00,0.000000000000000000e+00,0.000000000000000000e+00
-3.245352080642639248e+00,-2.597168805223972310e+00,-3.088334428562646394e+00,-3.180353738304703803e+00,-1.175380559171486183e+01,-1.135946639770676470e+01
-3.015634065610976133e+00,-3.191388344795020426e+00,-2.697439251135961058e+00,-3.024496317146920799e+00,-1.030415095268673475e+01,-1.084577411432741734e+01
-3.676573188100436429e+00,-2.556721803476704746e+00,-3.669129710010756718e+00,-3.825473290559117334e+00,-1.184202543429132071e+01,-1.175751748145778208e+01
-3.165861209151216826e+00,-2.938099008754261554e+00,-3.531158115435701905e+00,-3.140071785966349172e+00,-1.169481817060630746e+01,-1.176791821830969198e+01
0.000000000000000000e+00,0.000000000000000000e+00,0.000000000000000000e+00,0.000000000000000000e+00,0.000000000000000000e+00,0.000000000000000000e+00
-3.169314631519162706e+00,-3.184598098337390493e+00,-2.648427232369481299e+00,-3.510578188080276441e+00,-1.174128400331944633e+01,-1.167433767829690616e+01
-3.507248844133159960e+00,-3.192070973306274873e+00,-2.644641938141284232e+00,-3.589880612563181472e+00,-1.123526864297970107e+01,-1.159544385009791689e+01
-3.205625466905219767e+00,-2.619389468059237558e+00,-3.234265655431372455e+00,-3.182155556694887810e+00,-1.141560377370614532e+01,-1.179153259551702781e+01
-3.010924037708642587e+00,-2.609552670669067265e+00,-3.111993255512298440e+00,-3.046328218745767202e+00,-1.168407255907104769e+01,-1.168279660230304628e+01
0.000000000000000000e+00,0.000000000000000000e+00,0.000000000000000000e+00,0.000000000000000000e+00,0.000000000000000000e+00,0.000000000000000000e+00
-3.438048779813020150e+00,-2.680776579278745242e+00,-3.266423847649223333e+00,-3.369047532025091218e+00,-1.168885876319152750e+01,-1.174316661185253352e+01
-3.275566300580821100e+00,-3.215441792052955883e+00,-2.648509173466811806e+00,-3.368349607134901724e+00,-1.163891116737629616e+01,-1.153731983936425820e+01
-3.223668937491062536e+00,-2.710350150116572987e+00,-3.302795185283882606e+00,-3.353172713183131481e+00,-1.171998372099868924e+01,-1.187913397716412511e+01
-3.217112159632228519e+00,-2.708028112166275925e+00,-3.184980440450751793e+00,-3.191215734418092698e+00,-1.175793516387437521e+01,-1.174629616223097806e+01
0.000000000000000000e+00,0.000000000000000000e+00,0.000000000000000000e+00,0.000000000000000000e+00,0.000000000000000000e+00,0.000000000000000000e+00
-1.474983522050623552e+00,-1.374478334800866453e+00,-1.431277825964158756e+00,-1.407792388430676445e+00,-4.423885879705742319e+00,-5.388959005273015634e+00
-1.916125865241196102e+00,-1.909054459858559261e+00,-1.946066985223813495e+00,-1.882771409979437705e+00,-6.372733910792563350e+00,-7.370758064136198939e+00
-2.322579092931899680e+00,-2.116781579914073230e+00,-2.261675442748919629e+00,-2.271901809942112216e+00,-6.895459180525177700e+00,-5.639238292290560395e+00
-2.405751413994477339e+00,-2.044163115047044510e+00,-2.185511720993523976e+00,-2.260290542384312040e+00,-8.859103996061383768e+00,-8.233368592370768013e+00
0.000000000000000000e+00,0.000000000000000000e+00,0.000000000000000000e+00,0.000000000000000000e+00,0.000000000000000000e+00,0.000000000000000000e+00
-3.296968232705633994e+00,-2.638895389704636774e+00,-3.622103064407645068e+00,-3.313812570675683133e+00,-1.167284946638544163e+01,-1.164045875904552396e+01
-2.988483028175457523e+00,-2.577705283210206311e+00,-3.159631997109594970e+00,-3.143052267359197849e+00,-9.891200406940777512e+00,-9.355241184899224294e+00
-3.909584692792703375e+00,-4.143646698989945421e+00,-4.075495890620175921e+00,-2.702679563689645015e+00,-1.214095516243082606e+01,-1.237329549989170552e+01
-3.463412742473545691e+00,-3.253606536344250344e+00,-3.348293302392252091e+00,-2.934650747144544436e+00,-1.179083882300445296e+01,-1.187587980066484405e+01
0.000000000000000000e+00,0.000000000000000000e+00,0.000000000000000000e+00,0.000000000000000000e+00,0.000000000000000000e+00,0.000000000000000000e+00
-3.782126345509364107e+00,-2.694591232758682953e+00,-3.195119551322261220e+00,-3.114448193646118579e+00,-1.177376089598602604e+01,-1.176733800519122575e+01
-3.164469449615915142e+00,-2.748605289465873458e+00,-3.088014132981646398e+00,-3.443688404668650893e+00,-1.162276308616785592e+01,-1.196407241785260034e+01
-3.234264419331721374e+00,-3.420061066586534526e+00,-3.341552161729183013e+00,-2.616705767936581939e+00,-1.132183393864947618e+01,-1.131029201410592044e+01
-3.273303470681689031e+00,-3.285240442743003975e+00,-3.519301950036229254e+00,-2.636544042093003970e+00,-1.172653524231535016e+01,-1.194598600606482641e+01
0.000000000000000000e+00,0.000000000000000000e+00,0.000000000000000000e+00,0.000000000000000000e+00,0.000000000000000000e+00,0.000000000000000000e+00
-2.992869819570231904e+00,-2.608821492150981136e+00,-3.082383256057752430e+00,-3.193115867880184311e+00,-1.170786254687119765e+01,-1.171246732990543116e+01
-3.545338714331910612e+00,-2.606470828216768787e+00,-3.391490780438314090e+00,-3.203215040638033528e+00,-1.158732948806484409e+01,-1.163001507451118854e+01
-3.154219585683809335e+00,-3.205430842404828340e+00,-3.201249666299480268e+00,-2.709273220020369521e+00,-1.162726335478411599e+01,-1.147571230977429479e+01
-3.321160126021792891e+00,-3.243955821686695273e+00,-3.266738846935753227e+00,-2.666507620228281805e+00,-1.179074269892707072e+01,-1.169725895544302574e+01
0.000000000000000000e+00,0.000000000000000000e+00,0.000000000000000000e+00,0.000000000000000000e+00,0.000000000000000000e+00,0.000000000000000000e+00
-1.700286317713916251e+00,-1.553209206687585109e+00,-1.536125744510566493e+00,-1.501127583749300332e+00,-4.208546491438918125e+00,-5.452009379289032509e+00
-1.766706089566817406e+00,-1.749441739263196682e+00,-1.752573038926038551e+00,-1.747710255265638724e+00,-7.834277468993365190e+00,-5.681847669672092316e+00
-2.269296498492664682e+00,-2.357143995777192025e+00,-2.392837604953788944e+00,-2.268372632518500964e+00,-7.642839308207541649e+00,-4.943278024651075242e+00
-2.848347837821050721e+00,-2.690128590294423194e+00,-2.690209580176984971e+00,-2.449039656595316305e+00,-8.162453658989388572e+00,-9.119530240561640966e+00
0.000000000000000000e+00,0.000000000000000000e+00,0.000000000000000000e+00,0.000000000000000000e+00,0.000000000000000000e+00,0.000000000000000000e+00
-3.125225923049701038e+00,-2.557512786759965628e+00,-3.178711686900377753e+00,-3.088865366866706097e+00,-1.109320848247848978e+01,-1.159185408550545660e+01
-3.228576338584997707e+00,-2.874704957452868470e+00,-3.068482290531889145e+00,-3.046126276506381902e+00,-9.921802102710289617e+00,-1.086247584142752487e+01
-4.381925028019248991e+00,-4.094638156489886605e+00,-2.964665198007125912e+00,-4.103797855589441212e+00,-1.224224139589514238e+01,-1.230979315453392253e+01
-3.272036193867623677e+00,-3.212016672100286740e+00,-2.652720027804626124e+00,-3.506151921111008374e+00,-1.191275072094907728e+01,-1.183717077956846886e+01
0.000000000000000000e+00,0.000000000000000000e+00,0.000000000000000000e+00,0.000000000000000000e+00,0.000000000000000000e+00,0.000000000000000000e+00
-3.696186293824448299e+00,-3.576298374217718568e+00,-2.591365587047586683e+00,-3.524786346342887455e+00,-1.186278772976087836e+01,-1.166196437889237814e+01
-3.144875978043048192e+00,-3.063373603657625122e+00,-2.566864634754164598e+00,-3.036845267993211195e+00,-1.016257673052041532e+01,-1.044757121444859571e+01
-3.347968101092094528e+00,-3.088660838762804506e+00,-3.302980201020160766e+00,-3.216910936930396758e+00,-1.169286908626687804e+01,-1.172649825118128675e+01
-3.477219932320141815e+00,-3.346415603359488955e+00,-2.680238470746254542e+00,-3.354052372598766318e+00,-1.178934942775256367e+01,-1.175282242108897179e+01
0.000000000000000000e+00,0.000000000000000000e+00,0.000000000000000000e+00,0.000000000000000000e+00,0.000000000000000000e+00,0.000000000000000000e+00
-3.414410236283688782e+00,-3.298917589280362161e+00,-2.822152253586276416e+00,-3.268001494064516343e+00,-1.120207792576348815e+01,-1.172121805726930077e+01
-3.072692743315562858e+00,-2.798591896003298274e+00,-3.021999066166868975e+00,-3.065279179063572723e+00,-2.227576303194079177e+00,-1.141910558590371494e+01
-2.884142064536241001e+00,-2.532816961829388536e+00,-2.608981979118610628e+00,-2.501762880478138662e+00,-1.673040695927834332e+00,-1.083296243271299275e+01
-3.022929272594037542e+00,-2.958269774153909903e+00,-3.078308974414351695e+00,-3.024089097584998775e+00,-2.307303213218408811e+00,-1.152821277951949597e+01
0.000000000000000000e+00,0.000000000000000000e+00,0.000000000000000000e+00,0.000000000000000000e+00,0.000000000000000000e+00,0.000000000000000000e+00
-2.784132812787261102e+00,-2.027565326448002914e+00,-2.625108954410471540e+00,-2.611846292955096516e+00,-1.112695336897456677e+01,-2.580138733614841140e+00
-2.015986072005545360e+00,-1.054525173505867830e+00,-1.565073775142589163e+00,-2.077566266811037288e+00,-1.010956622669766780e+01,-2.294983944370222240e+00
-2.954598521543695178e+00,-2.017834415480987520e+00,-2.932618984940769113e+00,-2.739041412982806900e+00,-1.133556202884793151e+01,-3.053118019413084472e+00
1.082564427368718185e+01,3.528324550509663649e+00,4.637689304602638174e+00,1.057062931621305069e+01,1.766590294792265592e+00,1.999999999999998579e+01
0.000000000000000000e+00,0.000000000000000000e+00,0.000000000000000000e+00,0.000000000000000000e+00,0.000000000000000000e+00,0.000000000000000000e+00
-3.400709516583392045e+00,-2.711752991886087649e+00,-3.178016311102890068e+00,-3.178521604556741487e+00,-1.145888778128595931e+01,-1.112197497641849608e+01
-3.412986890865327361e+00,-3.212434271911874362e+00,-3.158555562485077850e+00,-2.858164948511733527e+00,-1.075902423761801074e+01,-1.086528547553188062e+01
-3.997590539898813411e+00,-2.627442072749409885e+00,-4.691968533667617791e+00,-3.673007387081308472e+00,-1.244636261416649603e+01,-1.169142488873990970e+01
-3.274561026834780897e+00,-2.656862768002337560e+00,-3.355674596856994096e+00,-3.358905774824579638e+00,-1.159770883160959620e+01,-1.200909709259523517e+01
0.000000000000000000e+00,0.000000000000000000e+00,0.000000000000000000e+00,0.000000000000000000e+00,0.000000000000000000e+00,0.000000000000000000e+00
-3.211356378986227611e+00,-2.575662197352090566e+00,-3.323990769925299738e+00,-3.425073501192516190e+00,-1.153863443928564259e+01,-1.156367682602221691e+01
-3.061426445805270902e+00,-2.534612442362214058e+00,-3.261020138538614610e+00,-2.956801549682256169e+00,-1.053769993023998452e+01,-9.592406194244938789e+00
-3.594946860696072388e+00,-3.449928471594190249e+00,-3.672409042321049810e+00,-2.806712141521625181e+00,-1.172469188411430174e+01,-1.178623673050814169e+01
-3.454413475598320016e+00,-2.692812697443914161e+00,-3.422411151170738908e+00,-3.533581629155678083e+00,-1.176665520486644212e+01,-1.212410665537798415e+01
0.000000000000000000e+00,0.000000000000000000e+00,0.000000000000000000e+00,0.000000000000000000e+00,0.000000000000000000e+00,0.000000000000000000e+00
-3.514049831849746397e+00,-2.667809919673344687e+00,-3.410551644078484657e+00,-3.396034804029010257e+00,-1.153125461237488913e+01,-1.166570889319179827e+01
-3.191840833816988798e+00,-3.077918752931408708e+00,-3.279370158365389809e+00,-2.423692427933921145e+00,-9.081184612047703553e+00,-1.076119773164994875e+01
-3.054781480371276281e+00,-2.467644735092491715e+00,-3.031467640319065460e+00,-2.899927963568227351e+00,-9.396358676364487295e+00,-9.614729981071924669e+00
-3.265414484307053389e+00,-3.244543019233779191e+00,-3.226353086606208898e+00,-2.816841221833244813e+00,-1.146657624478687687e+01,-1.160971920135789404e+01
0.000000000000000000e+00,0.000000000000000000e+00,0.000000000000000000e+00,0.000000000000000000e+00,0.000000000000000000e+00,0.000000000000000000e+00
-2.720045857792087851e+00,-2.235483384130988238e+00,-2.626538680904465295e+00,-2.744723239419412764e+00,-9.019194755544962305e+00,-6.362774520653395882e+00
-1.352089903234246160e+00,-1.208262420365024958e-01,-1.735669868257429638e+00,-1.749339197518724465e+00,-9.206759037900878795e+00,-9.689675052408619038e+00
-3.143249220058014437e+00,-3.237215336758338946e+00,-3.181244816215290871e+00,-2.421873900000232727e+00,-9.250387943999484719e+00,-1.034202987060851875e+01
-3.478788382471125207e-01,-8.512876081746156842e-01,1.195074776361739755e-01,9.878462091385653565e+00,-4.174747850614275002e+00,-3.541020177358292553e+00
